"BRMSEA","BGammaHat","adjBGammaHat","BMc"
0.093566419709037,0.653825622412909,0.650834847090085,0.000355749765875725
