"PersonSize","TimePoint","ModelTorF","RunSamples","BRMSEA","BGammaHat","adjBGammaHat","BMc"
75,10,0,2,0.0890249831898469,0.675827014237471,0.673270524196688,0.000750777021243011
75,10,0.3,2,0.0911965643897733,0.665192731901752,0.66253135180989,0.000526499993702624
