"BRMSEA","BGammaHat","adjBGammaHat","BMc"
0.199818381072912,0.455872324176559,0.435760633965828,0.00012991597067844
