"BRMSEA","BGammaHat","adjBGammaHat","BMc"
0.141127999346968,0.453247191580376,0.449331185402382,1.38701517255759e-08
