"BRMSEA","BGammaHat","adjBGammaHat","BMc"
0.0682339021124234,0.780143002232781,0.778432975367814,0.0145984428498876
