"BRMSEA","BGammaHat","adjBGammaHat","BMc"
0.0834595868332234,0.826728535919983,0.821473042017866,0.207812466337931
