"BRMSEA","BGammaHat","adjBGammaHat","BMc"
0.143261516589518,0.446236147879095,0.441333216723057,8.24642557781007e-09
