"BRMSEA","BGammaHat","adjBGammaHat","BMc"
0.0524709197266601,0.923785284737573,0.921125101594454,0.538782816250736
