"BRMSEA","BGammaHat","adjBGammaHat","BMc"
0.0890172958331097,0.675856274550102,0.673312773740338,0.000751476790341433
0.0890326705465841,0.67579775392484,0.673228274653038,0.000750077252144589
