"BRMSEA","BGammaHat","adjBGammaHat","BMc"
0.0748992496130934,0.746643713854479,0.744495752765885,0.00616121762357227
