"BRMSEA","BGammaHat","adjBGammaHat","BMc"
0.0742004583071814,0.858249528425016,0.853496545841332,0.289974418768232
