"BRMSEA","BGammaHat","adjBGammaHat","BMc"
0.205936349170016,0.439085939487124,0.422748180667086,6.92747050673249e-05
