"BRMSEA","BGammaHat","adjBGammaHat","BMc"
0.0544038787195234,0.918359106431067,0.915707044160262,0.513567311438321
