"BRMSEA","BGammaHat","adjBGammaHat","BMc"
0.108215875470898,0.485039056885849,0.483107934974792,4.22437912108554e-11
