"BRMSEA","BGammaHat","adjBGammaHat","BMc"
0.108163597597365,0.485334280850951,0.483292904076735,4.34517247327122e-11
