"BRMSEA","BGammaHat","adjBGammaHat","BMc"
0.0911943520923353,0.665201996251024,0.662543015902056,0.000526661086664965
0.0911987766872112,0.665183467552479,0.662519687717725,0.000526338900740283
