"PersonSize","TimePoint","ModelTorF","BRMSEA","BGammaHat","adjBGammaHat","BMc"
100,15,0,0.0842808090484549,0.608230575463549,0.606842271584933,5.08294384534111e-07
250,15,0,0.0267865448381888,0.938911668259141,0.938693810164226,0.231342004931052
