"PersonSize","TimePoint","ModelTorF","BRMSEA","BGammaHat","adjBGammaHat","BMc"
1000,5,0,0.0120738326670416,0.995635455936301,0.995493257370892,0.967659628423579
