"PersonSize","TimePoint","ModelTorF","BRMSEA","BGammaHat","adjBGammaHat","BMc"
1000,2,0.3,0.0714220148487289,0.949421046082888,0.937035953876985,0.85229805626094
1000,3,0.3,0.0562259438094987,0.948042099733343,0.943053705427877,0.781435673671301
1000,4,0.3,0.0497713013536127,0.944541520500929,0.941504253960679,0.703079287511887
1000,5,0.3,0.0433167790319877,0.946758493681174,0.94492975867788,0.655888901408782
